"First Name","Last Name","Gender","Age"
"Sam","Campbell","Male","5"
"Vincent","Cameron","Male","5"
"Robert","Owens","Male","3"
"Rosie","Payne","Female","6"
"Maddie","Nelson","Female","5"
"Honey","Brooks","Female","5"
"Chester","Williams","Male","6"
"Victor","Armstrong","Male","5"
"Brooke","Barrett","Female","5"
"Jenna","Tucker","Female","1"
"Leonardo","Moore","Male","5"
"Bruce","Cooper","Male","7"
"Oliver","Dixon","Male","9"
"Alen","Gibson","Male","1"
"Aiden","Mason","Male","4"
"Alan","Davis","Male","5"
"Paige","Harrison","Female","2"
"Reid","Martin","Male","8"
"Thomas","Elliott","Male","8"
"Maddie","Sullivan","Female","2"
"Lana","Kelley","Female","4"
"Fenton","Williams","Male","0"
"Valeria","Clark","Female","0"
"Oscar","West","Male","8"
"Max","Alexander","Male","9"
"Alford","Smith","Male","7"
"Walter","Perkins","Male","1"
"Aston","Mitchell","Male","3"
"Nicole","Nelson","Female","7"
"Kirsten","Campbell","Female","5"
"Cadie","Fowler","Female","4"
"Walter","Higgins","Male","0"
"Robert","Johnson","Male","7"
"Daniel","Brown","Male","7"
"Lucia","Adams","Female","9"
"Edwin","Turner","Male","7"
"Cadie","Armstrong","Female","0"
"Clark","Nelson","Male","2"
"Adam","Carroll","Male","0"
"Elian","Taylor","Male","3"
"Ted","Douglas","Male","2"
"Leonardo","Cunningham","Male","8"
"Amber","Anderson","Female","1"
"Vanessa","Douglas","Female","1"
"Tara","Payne","Female","9"
"Roland","Richardson","Male","7"
"Martin","Riley","Male","3"
"Freddie","Walker","Male","2"
"Elise","Alexander","Female","8"
"Oscar","Brown","Male","9"
"Victor","Williams","Male","6"
"Dale","Moore","Male","3"
"Gianna","Scott","Female","3"
"Evelyn","Jones","Female","4"
"Melissa","Allen","Female","0"
"Antony","Brooks","Male","5"
"James","Watson","Male","8"
"Maximilian","Hill","Male","4"
"Florrie","Campbell","Female","7"
"Elise","Carroll","Female","5"
"Fiona","Spencer","Female","0"
"Harold","Lloyd","Male","8"
"Patrick","Adams","Male","2"
"Marcus","Baker","Male","6"
"Paige","West","Female","9"
"Tyler","Elliott","Male","3"
"Arianna","Richardson","Female","4"
"Eric","Turner","Male","1"
"Sofia","Sullivan","Female","5"
"Ada","Owens","Female","8"
"Miranda","Carroll","Female","9"
"Bruce","Riley","Male","6"
"Miley","Nelson","Female","6"
"Kevin","Henderson","Male","1"
"Brad","Riley","Male","1"
"Fiona","Allen","Female","6"
"Chloe","Hamilton","Female","2"
"Audrey","Kelley","Female","9"
"Antony","Dixon","Male","8"
"Daryl","Howard","Male","2"
"Charlotte","Barnes","Female","4"
"Gianna","Holmes","Female","1"
"Kirsten","Harris","Female","5"
"Michael","Andrews","Male","3"
"Edith","Spencer","Female","9"
"Rebecca","Wilson","Female","2"
"Kelvin","Hawkins","Male","5"
"Agata","Higgins","Female","0"
"Ryan","Douglas","Male","3"
"Spike","Robinson","Male","8"
"Madaline","Craig","Female","2"
"Alberta","Murray","Female","4"
"Ryan","Cole","Male","2"
"Jacob","Anderson","Male","4"
"Eddy","Carroll","Male","4"
"Lyndon","Anderson","Male","3"
"Ted","Clark","Male","0"
"Garry","Phillips","Male","8"
"Clark","Barnes","Male","8"
"Ada","Rogers","Female","1"
